Ticker,2018-12-31,2019-02-02,2019-03-31,2019-05-04,2019-06-30,2019-08-03,2019-09-30,2019-11-02,2019-12-31,2020-01-31,2020-02-01,2020-03-28,2020-03-29,2020-03-31,2020-04-03,2020-04-24,2020-04-25,2020-04-30,2020-05-02,2020-05-03,2020-06-27,2020-06-28,2020-06-30,2020-07-03,2020-07-25,2020-07-31,2020-08-01,2020-08-02,2020-09-26,2020-09-27,2020-09-30,2020-10-02,2020-10-03,2020-10-24,2020-10-30,2020-10-31,2020-11-01,2020-12-26,2020-12-27,2020-12-31,2021-01-01,2021-01-02,2021-01-23,2021-01-29,2021-01-30,2021-01-31,2021-03-27,2021-03-28,2021-03-31,2021-04-02,2021-04-03,2021-04-30,2021-05-01,2021-05-02,2021-06-26,2021-06-27,2021-06-30,2021-07-02,2021-07-03,2021-07-30,2021-07-31,2021-08-01,2021-09-25,2021-09-26,2021-09-30,2021-10-01,2021-10-02,2021-10-29,2021-10-30,2021-10-31,2021-12-25,2021-12-26,2021-12-31,2022-01-01,2022-01-28,2022-01-29,2022-01-31,2022-02-06,2022-03-26,2022-03-27,2022-03-31,2022-04-01,2022-04-02,2022-04-29,2022-04-30,2022-05-08,2022-06-25,2022-06-26,2022-06-30,2022-07-01,2022-07-02,2022-07-29,2022-07-30,2022-07-31,2022-08-07,2022-09-24,2022-09-25,2022-09-30,2022-10-01,2022-10-28,2022-10-29,2022-10-31,2022-11-06,2022-12-25,2022-12-30,2022-12-31,2023-01-27,2023-01-28,2023-01-31,2023-02-05,2023-03-26,2023-03-31,2023-04-01,2023-04-28,2023-04-29,2023-04-30,2023-05-07,2023-06-25,2023-06-30,2023-07-01,2023-07-28,2023-07-29,2023-07-31,2023-08-06,2023-09-24,2023-09-29,2023-09-30,2023-10-27,2023-10-28,2023-10-31,2023-11-05,2023-12-24,2023-12-29,2023-12-30,2023-12-31,2024-01-26,2024-01-27,2024-01-31,2024-02-03,2024-02-04,2024-03-29,2024-03-30,2024-03-31,2024-04-26,2024-04-27,2024-04-30,2024-05-04,2024-05-05,2024-06-28,2024-06-29,2024-06-30,2024-07-26,2024-07-27,2024-07-31,2024-08-03,2024-08-04,2024-09-27,2024-09-28,2024-09-29,2024-09-30,2024-10-25,2024-10-26,2024-10-31,2024-11-02,2024-11-03,2024-12-27,2024-12-28,2024-12-29,2024-12-31,2025-01-24,2025-01-25,2025-01-31,2025-02-01,2025-02-02
NVTAQ,45.36,,40.55,,53.48,,56.51,,66.29,,,,,64.25,,,,,,,,,46.19,,,,,,,,68.73,,,,,,,,,100.43,,,,,,,,,103.62,,,,,,,,116.31,,,,,,,,114.4,,,,,,,,126.12,,,,,,,,123.69,,,,,,,,136.62,,,,,,,,,133.54,,,,,,,,122.45,,,,,,117.36,,,,,,,120.53,,,,,,,,121.24,,,,,,,,,,,,,,,,,,,,,,,,,,,,,,,,,,,,,,,,,,,,,,,
KSPN,,127.43,,35.13,,34.26,,28.62,,,35.21,,,,,,,,31.59,,,,,,,,42.3,,,,,,,,,38.91,,,,,,,,,45.55,,,,,,,,40.62,,,,,,,,34.89,,,,,,,,32.17,,,,,,,36.03,,,,,,,,,31.79,,,,,,,,33.91,,,,,,,,29.15,,,,,,,33.39,,,,,,,32.93,,,,,,,33.14,,,,,,,26.43,,,,,,,,,,,,,,,,,,,,,,,,,,,,,,,,,,,,,,,,,,,,,
DM,,,,,,,,,5.56,,,,,3.39,,,,,,,,,2.19,,,,,,,,2.53,,,,,,,,,8.37,,,,,,,,,11.31,,,,,,,,18.98,,,,,,,,25.44,,,,,,,,56.68,,,,,,,,43.71,,,,,,,,57.67,,,,,,,,,47.09,,,,,,,,60.56,,,,,,41.32,,,,,,,53.29,,,,,,,,42.75,,,,,,,,52.35,,,,,,,,40.6,,,,,,,,38.93,,,,,,,,,36.41,,,,,,,,,,,,,,
TSPH,,,,,,,,,0.71,,,,,,,,,,,,,,,,,,,,,,,,,,,,,,,1.84,,,,,,,,,,,,,,,,,,,,,,,,,,,,,,,,,6.26,,,,,,,,,,,,,,,,,,,,,,,,,,,,,,,,,9.37,,,,,,,,,,,,,,,,,,,,,,,,,,,,,0.31,,,,,,,,,,,,,,,,,,,,,,,,,,,,,,,,,,,,,,,
BALY,,,,,,,,,130.42,,,,,109.15,,,,,,,,,28.92,,,,,,,,116.62,,,,,,,,,118.1,,,,,,,,,192.27,,,,,,,,267.73,,,,,,,,314.78,,,,,,,,547.67,,,,,,,,548.27,,,,,,,,552.5,,,,,,,,,578.25,,,,,,,,576.69,,,,,,598.72,,,,,,,606.21,,,,,,,,632.48,,,,,,,,611.67,,,,,,,,618.48,,,,,,,,621.66,,,,,,,,,629.97,,,,,,,,,,,,,,
NCNO,,,,,,,,,,38.5,,,,,,,,44.71,,,,,,,,48.77,,,,,,,,,,54.23,,,,,,,,,,56.59,,,,,,62.36,,,,,,,,,66.52,,,,,,,,,70.04,,,,,,,74.96,,,,,,,,94.21,,,,,,,,,99.63,,,,,,,,105.3,,,,,,,109.18,,,,,,,113.67,,,,,,,117.24,,,,,,,121.94,,,,,,,,123.69,,,,,,,,128.09,,,,,,,,132.4,,,,,,,,,138.8,,,,,,,,,,,
SONO,,,,,,,,,,,,175.1,,,,,,,,,249.31,,,,,,,,,,,,339.84,,,,,,,,,645.58,,,,,,,,,332.95,,,,,,,,378.67,,,,,,,,359.54,,,,,,,664.48,,,,,,,,,399.78,,,,,,,,371.78,,,,,,,,316.29,,,,,,,672.58,,,,,,,304.17,,,,,,,373.36,,,,,,,305.15,,,,,,,612.87,,,,,,,,252.66,,,,,,,,397.15,,,,,,,,255.38,,,,,,,,,550.86,,,,,,,
INTC,,,,,,,,,,,,19828.0,,,,,,,,,19728.0,,,,,,,,18333.0,,,,,,,,,19978.0,,,,,,,,,19673.0,,,,,,,,19631.0,,,,,,,,19192.0,,,,,,,,20528.0,,,,,,,,,,,,18353.0,,,,,,,,15321.0,,,,,,,,15338.0,,,,,,,14042.0,,,,,,,11715.0,,,,,,,12949.0,,,,,,,14158.0,,,,,,,15406.0,,,,,,,,12724.0,,,,,,,,12833.0,,,,,,,,13284.0,,,,,,,,,14260.0,,,,,,,
AMD,,,,,,,,,,,,1786.0,,,,,,,,,1932.0,,,,,,,,2801.0,,,,,,,,,3244.0,,,,,,,,,3445.0,,,,,,,,3850.0,,,,,,,,4313.0,,,,,,,,4826.0,,,,,,,,5887.0,,,,,,,,6550.0,,,,,,,,,5565.0,,,,,,,,,,5599.0,,,,,,,5353.0,,,,,,,5359.0,,,,,,,5800.0,,,,,,,6168.0,,,,,,,,5473.0,,,,,,,,5835.0,,,,,,,,6819.0,,,,,,,,,7658.0,,,,,,,
IRBT,,,,,,,,,,,,192.54,,,,,,,,,279.88,,,,,,,,413.15,,,,,,,,,,,,,544.83,,,,,,,,,303.26,,,,,,,,365.6,,,,,,,,440.68,,,,,,,455.45,,,,,,,,,291.97,,,,,,,,255.35,,,,,,,,278.19,,,,,,,357.87,,,,,,,160.29,,,,,,,236.57,,,,,,,186.18,,,,,,,307.54,,,,,,,,150.01,,,,,,,,166.36,,,,,,,,193.44,,,,,,,,,172.04,,,,,,,
BYND,,,,,,,,,,,,97.07,,,,,,,,,113.34,,,,,,,,94.44,,,,,,,,,,,101.94,,,,,,,,,,,108.16,,,,,,,,149.43,,,,,,,,106.43,,,,,,100.68,,,,,,,,,,109.46,,,,,,,,147.04,,,,,,,,82.5,,,,,,,79.94,,,,,,,92.24,,,,,,,102.15,,,,,,,75.31,,,,,,,,73.68,,,,,,,75.6,,,,,,,,93.19,,,,,,,,81.01,,,,,,,,,,,76.66,,,,,
ZBRA,,,,,,,,,,,,1052.0,,,,,,,,,956.0,,,,,,,,1132.0,,,,,,,,,,,1308.0,,,,,,,,,,,1347.0,,,,,,,,1377.0,,,,,,,,1436.0,,,,,,1467.0,,,,,,,,,,1432.0,,,,,,,,1468.0,,,,,,,,1378.0,,,,,,,1503.0,,,,,,,1405.0,,,,,,,1214.0,,,,,,,956.0,,,,,,,,1009.0,,,,,,,1175.0,,,,,,,,1217.0,,,,,,,,1255.0,,,,,,,,,,,1334.0,,,,,
SG,,,,,,,,,,,,52.94,,,,,,,,,,32.92,,,,,,,,55.55,,,,,,,,,59.18,,,,,,,,,61.39,,,,,,,,86.21,,,,,,,,95.84,,,,,,,,96.43,,,,,,,,102.59,,,,,,,,124.92,,,,,,,,,124.03,,,,,,,118.57,,,,,,,125.06,,,,,,,152.53,,,,,,,153.43,,,,,,,,,,153.03,,,,,,,,157.85,,,,,,,,184.64,,,,,,,,173.43,,,,,,,,,160.9,,,,,,
LRCX,,,,,,,,,,,,,2504.0,,,,,,,,,2792.0,,,,,,,,3177.0,,,,,,,,,3456.0,,,,,,,,,3848.0,,,,,,,,4145.0,,,,,,,,4304.0,,,,,,,,4227.0,,,,,,,,4060.0,,,,,,,,4636.0,,,,,,,,,5074.0,,,,,,,5278.0,,,,,,,3870.0,,,,,,,3207.0,,,,,,,3482.0,,,,,,,3758.0,,,,,,,,,,,3794.0,,,,,,,,3872.0,,,,,,,,4168.0,,,,,,,,,4376.0,,,,,,
GOOG,,,,,,,,,,,,,,41159.0,,,,,,,,,38297.0,,,,,,,,46173.0,,,,,,,,,56898.0,,,,,,,,,55314.0,,,,,,,,61880.0,,,,,,,,65118.0,,,,,,,,75325.0,,,,,,,,68011.0,,,,,,,,69685.0,,,,,,,,,69092.0,,,,,,,,76048.0,,,,,,69787.0,,,,,,,74604.0,,,,,,,,76693.0,,,,,,,,86310.0,,,,,,,,80539.0,,,,,,,,84742.0,,,,,,,,,88268.0,,,,,,,,,96469.0,,,,,
EBAY,,,,,,,,,,,,,,1821.0,,,,,,,,,2337.0,,,,,,,,2258.0,,,,,,,,,2478.0,,,,,,,,,2638.0,,,,,,,,2668.0,,,,,,,,2501.0,,,,,,,,2613.0,,,,,,,,2483.0,,,,,,,,2422.0,,,,,,,,,2380.0,,,,,,,,2510.0,,,,,,2510.0,,,,,,,2540.0,,,,,,,,2500.0,,,,,,,,2562.0,,,,,,,,2556.0,,,,,,,,2572.0,,,,,,,,,2576.0,,,,,,,,,2579.0,,,,,
DAY,,,,,,,,,,,,,,222.7,,,,,,,,,192.6,,,,,,,,204.4,,,,,,,,,222.8,,,,,,,,,234.5,,,,,,,,250.4,,,,,,,,257.2,,,,,,,,282.1,,,,,,,,293.3,,,,,,,,301.2,,,,,,,,,315.6,,,,,,,,336.1,,,,,,370.6,,,,,,,365.9,,,,,,,,377.5,,,,,,,,399.7,,,,,,,,431.5,,,,,,,,423.3,,,,,,,,,440.0,,,,,,,,,465.2,,,,,
NTES,,,,,,,,,,,,,,17062.0,,,,,,,,,18185.0,,,,,,,,18658.0,,,,,,,,,19762.0,,,,,,,,,20517.0,,,,,,,,20525.0,,,,,,,,22191.0,,,,,,,,24374.0,,,,,,,,23556.0,,,,,,,,23159.0,,,,,,,,,24427.0,,,,,,,,25354.0,,,,,,25046.0,,,,,,,24011.0,,,,,,,,27270.0,,,,,,,,27140.0,,,,,,,,26852.0,,,,,,,,25486.0,,,,,,,,,26210.0,,,,,,,,,26748.0,,,,,
RSKD,,,,,,,,,,,,,,33.19,,,,,,,,,37.81,,,,,,,,41.7,,,,,,,,,57.05,,,,,,,,,51.08,,,,,,,,55.69,,,,,,,,52.53,,,,,,,,69.83,,,,,,,,58.85,,,,,,,,59.93,,,,,,,,,63.17,,,,,,,,79.3,,,,,,68.91,,,,,,,72.77,,,,,,,,71.87,,,,,,,,84.07,,,,,,,,76.41,,,,,,,,78.73,,,,,,,,,78.85,,,,,,,,,93.53,,,,,
RDFN,,,,,,,,,,,,,,191.0,,,,,,,,,213.67,,,,,,,,236.92,,,,,,,,,244.52,,,,,,,,,268.32,,,,,,,,471.32,,,,,,,,540.07,,,,,,,,643.06,,,,,,,,222.82,,,,,,,,349.05,,,,,,,,,305.77,,,,,,,,221.94,,,,,,214.08,,,,,,,275.56,,,,,,,,268.96,,,,,,,,218.08,,,,,,,,225.48,,,,,,,,295.2,,,,,,,,,278.02,,,,,,,,,244.28,,,,,
OB,,,,,,,,,,,,,,177.33,,,,,,,,,157.86,,,,,,,,186.51,,,,,,,,,245.44,,,,,,,,,228.02,,,,,,,,247.15,,,,,,,,250.78,,,,,,,,289.67,,,,,,,,254.22,,,,,,,,250.88,,,,,,,,,229.02,,,,,,,,257.97,,,,,,231.77,,,,,,,225.8,,,,,,,,230.02,,,,,,,,248.23,,,,,,,,216.96,,,,,,,,214.15,,,,,,,,,224.18,,,,,,,,,234.59,,,,,
MSFT,,,,,,,,,,,,,,35021.0,,,,,,,,,38033.0,,,,,,,,37154.0,,,,,,,,,43076.0,,,,,,,,,41706.0,,,,,,,,46152.0,,,,,,,,45317.0,,,,,,,,51728.0,,,,,,,,49360.0,,,,,,,,51865.0,,,,,,,,,50122.0,,,,,,,,52747.0,,,,,,52857.0,,,,,,,56189.0,,,,,,,,56517.0,,,,,,,,62020.0,,,,,,,,61858.0,,,,,,,,64727.0,,,,,,,,,65585.0,,,,,,,,,69632.0,,,,,
W,,,,,,,,,,,,,,2330.0,,,,,,,,,4305.0,,,,,,,,3840.0,,,,,,,,,3671.0,,,,,,,,,3478.0,,,,,,,,3857.0,,,,,,,,3121.0,,,,,,,,3252.0,,,,,,,,2993.0,,,,,,,,3284.0,,,,,,,,,2840.0,,,,,,,,3101.0,,,,,,2774.0,,,,,,,3171.0,,,,,,,,2944.0,,,,,,,,3114.0,,,,,,,,2729.0,,,,,,,,3117.0,,,,,,,,,2884.0,,,,,,,,,3121.0,,,,,
SEDG,,,,,,,,,,,,,,431.22,,,,,,,,,331.85,,,,,,,,338.1,,,,,,,,,358.11,,,,,,,,,405.49,,,,,,,,480.06,,,,,,,,526.4,,,,,,,,551.92,,,,,,,,655.08,,,,,,,,727.77,,,,,,,,,836.72,,,,,,,,890.7,,,,,,943.89,,,,,,,991.29,,,,,,,,725.31,,,,,,,,316.04,,,,,,,,204.4,,,,,,,,265.41,,,,,,,,,260.9,,,,,,,,,170.75,,,,,
BKNG,,,,,,,,,,,,,,2288.0,,,,,,,,,630.0,,,,,,,,2640.0,,,,,,,,,1238.0,,,,,,,,,1141.0,,,,,,,,2160.0,,,,,,,,4676.0,,,,,,,,2981.0,,,,,,,,2695.0,,,,,,,,4294.0,,,,,,,,,6052.0,,,,,,,,4049.0,,,,,,3778.0,,,,,,,5462.0,,,,,,,,7341.0,,,,,,,,4784.0,,,,,,,,4415.0,,,,,,,,5859.0,,,,,,,,,7994.0,,,,,,,,,5471.0,,,,,
SPT,,,,,,,,,,,,,,30.54,,,,,,,,,31.4,,,,,,,,33.67,,,,,,,,,37.35,,,,,,,,,40.82,,,,,,,,44.69,,,,,,,,49.09,,,,,,,,53.27,,,,,,,,57.43,,,,,,,,61.43,,,,,,,,,65.31,,,,,,,,69.66,,,,,,75.21,,,,,,,79.32,,,,,,,,85.53,,,,,,,,93.58,,,,,,,,96.78,,,,,,,,99.4,,,,,,,,,102.64,,,,,,,,,107.09,,,,,
APP,,,,,,,,,,,,,,260.18,,,,,,,,,299.33,,,,,,,,381.74,,,,,,,,,509.84,,,,,,,,,603.88,,,,,,,,668.81,,,,,,,,726.95,,,,,,,,793.47,,,,,,,,625.42,,,,,,,,776.23,,,,,,,,,713.1,,,,,,,,702.31,,,,,,715.41,,,,,,,750.17,,,,,,,,864.26,,,,,,,,953.26,,,,,,,,1058.0,,,,,,,,1080.0,,,,,,,,,1198.0,,,,,,,,,1373.0,,,,,
ENPH,,,,,,,,,,,,,,205.55,,,,,,,,,125.54,,,,,,,,178.5,,,,,,,,,264.84,,,,,,,,,301.75,,,,,,,,316.06,,,,,,,,351.52,,,,,,,,412.72,,,,,,,,441.29,,,,,,,,530.2,,,,,,,,,634.71,,,,,,,,724.65,,,,,,726.02,,,,,,,711.12,,,,,,,,551.08,,,,,,,,302.57,,,,,,,,263.34,,,,,,,,303.46,,,,,,,,,380.87,,,,,,,,,382.71,,,,,
BIGC,,,,,,,,,,,,,,33.17,,,,,,,,,36.32,,,,,,,,39.74,,,,,,,,,43.14,,,,,,,,,46.66,,,,,,,,49.01,,,,,,,,59.29,,,,,,,,64.9,,,,,,,,66.05,,,,,,,,68.2,,,,,,,,,72.39,,,,,,,,72.43,,,,,,71.76,,,,,,,75.44,,,,,,,,78.05,,,,,,,,84.15,,,,,,,,80.36,,,,,,,,81.83,,,,,,,,,83.71,,,,,,,,,87.03,,,,,
FRSH,,,,,,,,,,,,,,54.0,,,,,,,,,56.48,,,,,,,,66.19,,,,,,,,,73.0,,,,,,,,,80.59,,,,,,,,88.34,,,,,,,,96.61,,,,,,,,105.48,,,,,,,,114.64,,,,,,,,121.43,,,,,,,,,128.76,,,,,,,,133.17,,,,,,137.69,,,,,,,145.08,,,,,,,,153.55,,,,,,,,160.11,,,,,,,,165.14,,,,,,,,174.13,,,,,,,,,186.58,,,,,,,,,194.57,,,,,
OPEN,,,,,,,,,,,,,,1256.0,,,,,,,,,739.83,,,,,,,,338.61,,,,,,,,,248.77,,,,,,,,,747.0,,,,,,,,1186.0,,,,,,,,2266.0,,,,,,,,3822.0,,,,,,,,5151.0,,,,,,,,4198.0,,,,,,,,,3361.0,,,,,,,,2857.0,,,,,,3120.0,,,,,,,1976.0,,,,,,,,980.0,,,,,,,,870.0,,,,,,,,1181.0,,,,,,,,1511.0,,,,,,,,,1377.0,,,,,,,,,1084.0,,,,,
AKAM,,,,,,,,,,,,,,764.3,,,,,,,,,794.72,,,,,,,,792.85,,,,,,,,,846.29,,,,,,,,,842.71,,,,,,,,852.82,,,,,,,,860.33,,,,,,,,905.36,,,,,,,,903.65,,,,,,,,903.33,,,,,,,,,881.9,,,,,,,,927.78,,,,,,915.7,,,,,,,935.72,,,,,,,,965.48,,,,,,,,995.02,,,,,,,,986.97,,,,,,,,979.58,,,,,,,,,1005.0,,,,,,,,,1020.0,,,,,
DBX,,,,,,,,,,,,,,455.0,,,,,,,,,467.4,,,,,,,,487.4,,,,,,,,,504.1,,,,,,,,,511.6,,,,,,,,530.6,,,,,,,,550.2,,,,,,,,565.5,,,,,,,,562.4,,,,,,,,572.7,,,,,,,,,591.0,,,,,,,,598.8,,,,,,611.1,,,,,,,622.5,,,,,,,,633.0,,,,,,,,635.0,,,,,,,,631.3,,,,,,,,634.5,,,,,,,,,638.8,,,,,,,,,643.6,,,,,
PUBM,,,,,,,,,,,,,,28.35,,,,,,,,,26.36,,,,,,,,37.8,,,,,,,,,56.24,,,,,,,,,43.61,,,,,,,,49.66,,,,,,,,58.09,,,,,,,,75.56,,,,,,,,54.55,,,,,,,,63.03,,,,,,,,,64.5,,,,,,,,74.3,,,,,,55.41,,,,,,,63.33,,,,,,,,63.68,,,,,,,,84.6,,,,,,,,66.7,,,,,,,,67.27,,,,,,,,,71.79,,,,,,,,,85.5,,,,,
IBM,,,,,,,,,,,,,,17571.0,,,,,,,,,18121.0,,,,,,,,17561.0,,,,,,,,,1926.0,,,,,,,,,13185.0,,,,,,,,14220.0,,,,,,,,13251.0,,,,,,,,16695.0,,,,,,,,14197.0,,,,,,,,15535.0,,,,,,,,,14106.0,,,,,,,,16691.0,,,,,,14252.0,,,,,,,15475.0,,,,,,,,14752.0,,,,,,,,17380.0,,,,,,,,14461.0,,,,,,,,15772.0,,,,,,,,,14967.0,,,,,,,,,17553.0,,,,,
LYFT,,,,,,,,,,,,,,955.71,,,,,,,,,339.35,,,,,,,,499.74,,,,,,,,,569.88,,,,,,,,,608.96,,,,,,,,765.03,,,,,,,,864.41,,,,,,,,969.93,,,,,,,,875.58,,,,,,,,990.75,,,,,,,,,1054.0,,,,,,,,1175.0,,,,,,1001.0,,,,,,,1021.0,,,,,,,,1158.0,,,,,,,,1225.0,,,,,,,,1277.0,,,,,,,,1436.0,,,,,,,,,1523.0,,,,,,,,,1550.0,,,,,
GPRO,,,,,,,,,,,,,,119.4,,,,,,,,,134.25,,,,,,,,280.51,,,,,,,,,357.77,,,,,,,,,203.68,,,,,,,,249.59,,,,,,,,316.67,,,,,,,,391.15,,,,,,,,216.71,,,,,,,,250.69,,,,,,,,,305.13,,,,,,,,321.02,,,,,,174.72,,,,,,,241.02,,,,,,,,294.3,,,,,,,,295.42,,,,,,,,155.47,,,,,,,,186.22,,,,,,,,,258.9,,,,,,,,,200.88,,,,,
FSLY,,,,,,,,,,,,,,62.92,,,,,,,,,74.66,,,,,,,,70.64,,,,,,,,,82.65,,,,,,,,,84.85,,,,,,,,85.03,,,,,,,,86.74,,,,,,,,97.72,,,,,,,,102.38,,,,,,,,102.52,,,,,,,,,108.5,,,,,,,,119.32,,,,,,117.56,,,,,,,122.83,,,,,,,,127.82,,,,,,,,137.78,,,,,,,,133.52,,,,,,,,132.37,,,,,,,,,137.21,,,,,,,,,140.58,,,,,
LZ,,,,,,,,,,,,,,105.8,,,,,,,,,111.01,,,,,,,,131.6,,,,,,,,,122.24,,,,,,,,,134.63,,,,,,,,150.43,,,,,,,,147.88,,,,,,,,142.14,,,,,,,,155.43,,,,,,,,162.65,,,,,,,,,155.28,,,,,,,,146.63,,,,,,165.94,,,,,,,168.85,,,,,,,,167.27,,,,,,,,158.66,,,,,,,,174.21,,,,,,,,177.36,,,,,,,,,168.6,,,,,,,,,161.71,,,,,
TDC,,,,,,,,,,,,,,434.0,,,,,,,,,457.0,,,,,,,,454.0,,,,,,,,,491.0,,,,,,,,,491.0,,,,,,,,491.0,,,,,,,,460.0,,,,,,,,475.0,,,,,,,,496.0,,,,,,,,430.0,,,,,,,,,417.0,,,,,,,,452.0,,,,,,476.0,,,,,,,462.0,,,,,,,,438.0,,,,,,,,457.0,,,,,,,,465.0,,,,,,,,436.0,,,,,,,,,440.0,,,,,,,,,409.0,,,,,
DNA,,,,,,,,,,,,,,21.13,,,,,,,,,10.16,,,,,,,,13.3,,,,,,,,,32.06,,,,,,,,,44.1,,,,,,,,43.64,,,,,,,,77.61,,,,,,,,148.49,,,,,,,,168.41,,,,,,,,144.62,,,,,,,,,66.4,,,,,,,,98.29,,,,,,80.7,,,,,,,80.57,,,,,,,,55.43,,,,,,,,34.76,,,,,,,,37.94,,,,,,,,56.21,,,,,,,,,89.05,,,,,,,,,43.85,,,,,
PYPL,,,,,,,,,,,,,,4618.0,,,,,,,,,5261.0,,,,,,,,5459.0,,,,,,,,,6116.0,,,,,,,,,6033.0,,,,,,,,6238.0,,,,,,,,6182.0,,,,,,,,6918.0,,,,,,,,6483.0,,,,,,,,6806.0,,,,,,,,,6846.0,,,,,,,,7383.0,,,,,,7040.0,,,,,,,7287.0,,,,,,,,7418.0,,,,,,,,8026.0,,,,,,,,7699.0,,,,,,,,7885.0,,,,,,,,,7847.0,,,,,,,,,8366.0,,,,,
VCSA,,,,,,,,,,,,,,113.39,,,,,,,,,83.34,,,,,,,,186.13,,,,,,,,,108.91,,,,,,,,,129.42,,,,,,,,237.61,,,,,,,,329.93,,,,,,,,192.1,,,,,,,,247.26,,,,,,,,310.35,,,,,,,,,412.18,,,,,,,,218.16,,,,,,256.85,,,,,,,304.58,,,,,,,,379.08,,,,,,,,177.44,,,,,,,,209.47,,,,,,,,248.98,,,,,,,,,314.05,,,,,,,,,137.99,,,,,
BKKT,,,,,,,,,,,,,,3.53,,,,,,,,,8.91,,,,,,,,6.63,,,,,,,,,9.43,,,,,,,,,8.15,,,,,,,,8.49,,,,,,,,9.14,,,,,,,,13.66,,,,,,,,12.53,,,,,,,,14.04,,,,,,,,,13.21,,,,,,,,15.91,,,,,,13.22,,,,,,,347.63,,,,,,,,204.77,,,,,,,,214.51,,,,,,,,854.58,,,,,,,,509.9,,,,,,,,,328.42,,,,,,,,,,,,,,
TTWO,,,,,,,,,,,,,,760.54,,,,,,,,,831.31,,,,,,,,841.14,,,,,,,,,860.89,,,,,,,,,839.43,,,,,,,,813.3,,,,,,,,858.2,,,,,,,,903.3,,,,,,,,930.0,,,,,,,,1102.0,,,,,,,,,1394.0,,,,,,,,1408.0,,,,,,1446.0,,,,,,,1285.0,,,,,,,,1299.0,,,,,,,,1366.0,,,,,,,,1399.0,,,,,,,,1338.0,,,,,,,,,1353.0,,,,,,,,,1360.0,,,,,
CRTO,,,,,,,,,,,,,,503.38,,,,,,,,,437.61,,,,,,,,470.35,,,,,,,,,661.28,,,,,,,,,541.08,,,,,,,,551.31,,,,,,,,508.58,,,,,,,,653.27,,,,,,,,510.57,,,,,,,,495.09,,,,,,,,,446.92,,,,,,,,564.43,,,,,,445.02,,,,,,,468.93,,,,,,,,469.19,,,,,,,,566.3,,,,,,,,450.06,,,,,,,,471.31,,,,,,,,,458.89,,,,,,,,,553.04,,,,,
EA,,,,,,,,,,,,,,1387.0,,,,,,,,,1459.0,,,,,,,,1151.0,,,,,,,,,1673.0,,,,,,,,,1346.0,,,,,,,,1551.0,,,,,,,,1826.0,,,,,,,,1789.0,,,,,,,,1825.0,,,,,,,,1767.0,,,,,,,,,1904.0,,,,,,,,1881.0,,,,,,1874.0,,,,,,,1924.0,,,,,,,,1914.0,,,,,,,,1945.0,,,,,,,,1779.0,,,,,,,,1660.0,,,,,,,,,2025.0,,,,,,,,,1883.0,,,,,
BMBL,,,,,,,,,,,,,,119.14,,,,,,,,,135.14,,,,,,,,162.3,,,,,,,,,165.61,,,,,,,,,170.71,,,,,,,,184.01,,,,,,,,199.15,,,,,,,,207.05,,,,,,,,210.03,,,,,,,,219.21,,,,,,,,,232.64,,,,,,,,241.63,,,,,,242.95,,,,,,,259.74,,,,,,,,275.51,,,,,,,,273.64,,,,,,,,267.78,,,,,,,,268.62,,,,,,,,,273.61,,,,,,,,,261.65,,,,,
APTV,,,,,,,,,,,,,,3226.0,,,,,,,,,1960.0,,,,,,,,3668.0,,,,,,,,,4212.0,,,,,,,,,4023.0,,,,,,,,3807.0,,,,,,,,3654.0,,,,,,,,4134.0,,,,,,,,4178.0,,,,,,,,4057.0,,,,,,,,,4614.0,,,,,,,,4640.0,,,,,,4818.0,,,,,,,5200.0,,,,,,,,5114.0,,,,,,,,4919.0,,,,,,,,4901.0,,,,,,,,5051.0,,,,,,,,,4854.0,,,,,,,,,4907.0,,,,,
PI,,,,,,,,,,,,,,47.82,,,,,,,,,26.46,,,,,,,,28.2,,,,,,,,,36.45,,,,,,,,,45.25,,,,,,,,47.27,,,,,,,,45.19,,,,,,,,52.57,,,,,,,,53.14,,,,,,,,59.8,,,,,,,,,68.27,,,,,,,,76.59,,,,,,85.9,,,,,,,85.99,,,,,,,,65.01,,,,,,,,70.65,,,,,,,,76.83,,,,,,,,102.5,,,,,,,,,95.2,,,,,,,,,91.57,,,,,
SIRI,,,,,,,,,,,,,,1952.0,,,,,,,,,1874.0,,,,,,,,2025.0,,,,,,,,,2189.0,,,,,,,,,2058.0,,,,,,,,2159.0,,,,,,,,2198.0,,,,,,,,2281.0,,,,,,,,2186.0,,,,,,,,2253.0,,,,,,,,,2280.0,,,,,,,,2283.0,,,,,,2144.0,,,,,,,2250.0,,,,,,,,2271.0,,,,,,,,2288.0,,,,,,,,2162.0,,,,,,,,2178.0,,,,,,,,,2171.0,,,,,,,,,2188.0,,,,,
PCOR,,,,,,,,,,,,,,92.34,,,,,,,,,96.55,,,,,,,,101.89,,,,,,,,,109.51,,,,,,,,,113.94,,,,,,,,122.79,,,,,,,,131.99,,,,,,,,146.1,,,,,,,,159.52,,,,,,,,172.21,,,,,,,,,186.43,,,,,,,,202.05,,,,,,213.53,,,,,,,228.54,,,,,,,,247.91,,,,,,,,260.04,,,,,,,,269.43,,,,,,,,284.35,,,,,,,,,295.89,,,,,,,,,302.05,,,,,
JAMF,,,,,,,,,,,,,,60.05,,,,,,,,,62.26,,,,,,,,70.55,,,,,,,,,76.27,,,,,,,,,80.73,,,,,,,,86.24,,,,,,,,95.62,,,,,,,,103.8,,,,,,,,108.26,,,,,,,,115.64,,,,,,,,,124.56,,,,,,,,130.32,,,,,,132.21,,,,,,,135.09,,,,,,,,142.63,,,,,,,,150.65,,,,,,,,152.12,,,,,,,,153.02,,,,,,,,,159.29,,,,,,,,,162.97,,,,,
HUBS,,,,,,,,,,,,,,198.97,,,,,,,,,203.61,,,,,,,,228.39,,,,,,,,,252.07,,,,,,,,,281.37,,,,,,,,310.79,,,,,,,,339.2,,,,,,,,369.31,,,,,,,,395.6,,,,,,,,421.76,,,,,,,,,443.96,,,,,,,,469.66,,,,,,501.62,,,,,,,529.14,,,,,,,,557.56,,,,,,,,581.92,,,,,,,,617.41,,,,,,,,637.23,,,,,,,,,669.72,,,,,,,,,703.18,,,,,
SAP,,,,,,,,,,,,,,6521.0,,,,,,,,,6743.0,,,,,,,,6535.0,,,,,,,,,7539.0,,,,,,,,,6348.0,,,,,,,,6669.0,,,,,,,,6845.0,,,,,,,,7981.0,,,,,,,,6773.0,,,,,,,,7205.0,,,,,,,,,7478.0,,,,,,,,8064.0,,,,,,7442.0,,,,,,,7552.0,,,,,,,,7744.0,,,,,,,,8468.0,,,,,,,,8041.0,,,,,,,,8287.0,,,,,,,,,8470.0,,,,,,,,,9378.0,,,,,
PLTK,,,,,,,,,,,,,,534.2,,,,,,,,,650.5,,,,,,,,613.3,,,,,,,,,573.5,,,,,,,,,638.9,,,,,,,,659.2,,,,,,,,635.9,,,,,,,,649.0,,,,,,,,676.9,,,,,,,,659.6,,,,,,,,,647.8,,,,,,,,631.2,,,,,,656.2,,,,,,,642.8,,,,,,,,630.1,,,,,,,,637.9,,,,,,,,651.2,,,,,,,,627.0,,,,,,,,,620.8,,,,,,,,,650.3,,,,,
NET,,,,,,,,,,,,,,91.25,,,,,,,,,99.72,,,,,,,,114.16,,,,,,,,,125.93,,,,,,,,,138.06,,,,,,,,152.43,,,,,,,,172.35,,,,,,,,193.6,,,,,,,,212.17,,,,,,,,234.52,,,,,,,,,253.86,,,,,,,,274.7,,,,,,290.18,,,,,,,308.49,,,,,,,,335.6,,,,,,,,362.47,,,,,,,,378.6,,,,,,,,401.0,,,,,,,,,430.08,,,,,,,,,459.95,,,,,
SOFI,,,,,,,,,,,,,,78.3,,,,,,,,,114.95,,,,,,,,200.79,,,,,,,,,171.49,,,,,,,,,195.98,,,,,,,,230.79,,,,,,,,269.61,,,,,,,,280.92,,,,,,,,317.38,,,,,,,,352.42,,,,,,,,,407.66,,,,,,,,441.73,,,,,,463.75,,,,,,,485.4,,,,,,,,515.38,,,,,,,,603.31,,,,,,,,637.81,,,,,,,,586.98,,,,,,,,,691.11,,,,,,,,,727.25,,,,,
XRX,,,,,,,,,,,,,,1860.0,,,,,,,,,1465.0,,,,,,,,1767.0,,,,,,,,,1930.0,,,,,,,,,1710.0,,,,,,,,1793.0,,,,,,,,1758.0,,,,,,,,1777.0,,,,,,,,1668.0,,,,,,,,1747.0,,,,,,,,,1751.0,,,,,,,,1941.0,,,,,,1715.0,,,,,,,1754.0,,,,,,,,1652.0,,,,,,,,1765.0,,,,,,,,1502.0,,,,,,,,1578.0,,,,,,,,,1528.0,,,,,,,,,1613.0,,,,,
ETSY,,,,,,,,,,,,,,228.06,,,,,,,,,428.74,,,,,,,,451.48,,,,,,,,,617.36,,,,,,,,,550.65,,,,,,,,528.9,,,,,,,,532.43,,,,,,,,717.14,,,,,,,,579.27,,,,,,,,585.14,,,,,,,,,594.47,,,,,,,,807.24,,,,,,640.88,,,,,,,628.88,,,,,,,,636.3,,,,,,,,842.32,,,,,,,,645.95,,,,,,,,647.81,,,,,,,,,662.41,,,,,,,,,852.16,,,,,
BILL,,,,,,,,,,,,,,41.23,,,,,,,,,42.11,,,,,,,,46.21,,,,,,,,,54.05,,,,,,,,,59.74,,,,,,,,78.27,,,,,,,,118.35,,,,,,,,156.48,,,,,,,,166.91,,,,,,,,200.22,,,,,,,,,229.92,,,,,,,,260.01,,,,,,272.56,,,,,,,295.98,,,,,,,,304.99,,,,,,,,318.5,,,,,,,,323.03,,,,,,,,343.66,,,,,,,,,358.45,,,,,,,,,362.55,,,,,
MKFG,,,,,,,,,,,,,,17.7,,,,,,,,,14.17,,,,,,,,15.64,,,,,,,,,24.34,,,,,,,,,20.12,,,,,,,,20.42,,,,,,,,24.05,,,,,,,,26.64,,,,,,,,21.86,,,,,,,,24.23,,,,,,,,,25.21,,,,,,,,29.66,,,,,,24.09,,,,,,,25.45,,,,,,,,20.08,,,,,,,,24.17,,,,,,,,20.55,,,,,,,,21.69,,,,,,,,,20.48,,,,,,,,,,,,,,
KIND,,,,,,,,,,,,,,23.75,,,,,,,,,27.59,,,,,,,,31.83,,,,,,,,,40.12,,,,,,,,,34.39,,,,,,,,45.78,,,,,,,,52.71,,,,,,,,59.33,,,,,,,,51.0,,,,,,,,54.54,,,,,,,,,53.95,,,,,,,,53.27,,,,,,49.77,,,,,,,56.89,,,,,,,,56.09,,,,,,,,55.56,,,,,,,,53.15,,,,,,,,63.29,,,,,,,,,65.61,,,,,,,,,65.23,,,,,
SRAD,,,,,,,,,,,,,,109.4,,,,,,,,,82.2,,,,,,,,105.29,,,,,,,,,108.03,,,,,,,,,128.47,,,,,,,,143.6,,,,,,,,136.77,,,,,,,,152.37,,,,,,,,167.88,,,,,,,,177.19,,,,,,,,,178.84,,,,,,,,206.29,,,,,,207.56,,,,,,,216.43,,,,,,,,201.04,,,,,,,,252.59,,,,,,,,265.89,,,,,,,,278.42,,,,,,,,,255.17,,,,,,,,,,,,,,
INFA,,,,,,,,,,,,,,309.66,,,,,,,,,309.66,,,,,,,,327.24,,,,,,,,,376.53,,,,,,,,,333.71,,,,,,,,341.83,,,,,,,,361.81,,,,,,,,406.71,,,,,,,,362.35,,,,,,,,372.04,,,,,,,,,371.95,,,,,,,,398.78,,,,,,365.43,,,,,,,375.99,,,,,,,,408.56,,,,,,,,445.18,,,,,,,,388.61,,,,,,,,400.63,,,,,,,,,422.48,,,,,,,,,428.31,,,,,
HIPO,,,,,,,,,,,,,,10.2,,,,,,,,,11.9,,,,,,,,13.0,,,,,,,,,16.4,,,,,,,,,17.0,,,,,,,,20.9,,,,,,,,21.3,,,,,,,,32.1,,,,,,,,24.5,,,,,,,,28.7,,,,,,,,,30.7,,,,,,,,35.8,,,,,,39.8,,,,,,,47.7,,,,,,,,57.7,,,,,,,,64.5,,,,,,,,85.1,,,,,,,,89.6,,,,,,,,,95.5,,,,,,,,,101.9,,,,,
LC,,,,,,,,,,,,,,174.87,,,,,,,,,80.44,,,,,,,,102.99,,,,,,,,,104.01,,,,,,,,,130.39,,,,,,,,224.67,,,,,,,,262.2,,,,,,,,281.38,,,,,,,,299.97,,,,,,,,340.99,,,,,,,,,324.46,,,,,,,,301.46,,,,,,301.4,,,,,,,300.3,,,,,,,,271.26,,,,,,,,262.45,,,,,,,,265.15,,,,,,,,278.35,,,,,,,,,302.02,,,,,,,,,315.41,,,,,
JNPR,,,,,,,,,,,,,,998.0,,,,,,,,,1086.0,,,,,,,,1138.0,,,,,,,,,1223.0,,,,,,,,,1074.0,,,,,,,,1172.0,,,,,,,,1189.0,,,,,,,,1300.0,,,,,,,,1168.0,,,,,,,,1270.0,,,,,,,,,1415.0,,,,,,,,1449.0,,,,,,1372.0,,,,,,,1430.0,,,,,,,,1398.0,,,,,,,,1365.0,,,,,,,,1149.0,,,,,,,,1190.0,,,,,,,,,1331.0,,,,,,,,,1404.0,,,,,
PEGA,,,,,,,,,,,,,,265.59,,,,,,,,,227.38,,,,,,,,225.95,,,,,,,,,298.6,,,,,,,,,313.5,,,,,,,,325.7,,,,,,,,256.27,,,,,,,,316.18,,,,,,,,376.31,,,,,,,,274.34,,,,,,,,,270.73,,,,,,,,396.47,,,,,,325.47,,,,,,,298.27,,,,,,,,334.64,,,,,,,,474.23,,,,,,,,330.15,,,,,,,,351.15,,,,,,,,,325.05,,,,,,,,,490.83,,,,,
FTNT,,,,,,,,,,,,,,577.7,,,,,,,,,617.6,,,,,,,,651.1,,,,,,,,,748.0,,,,,,,,,710.3,,,,,,,,801.1,,,,,,,,867.2,,,,,,,,963.6,,,,,,,,954.8,,,,,,,,1030.0,,,,,,,,,1150.0,,,,,,,,1283.0,,,,,,1262.0,,,,,,,1293.0,,,,,,,,1335.0,,,,,,,,1415.0,,,,,,,,1353.0,,,,,,,,1434.0,,,,,,,,,1508.0,,,,,,,,,1660.0,,,,,
BL,,,,,,,,,,,,,,82.6,,,,,,,,,83.27,,,,,,,,90.16,,,,,,,,,95.71,,,,,,,,,98.86,,,,,,,,102.12,,,,,,,,109.4,,,,,,,,115.33,,,,,,,,120.24,,,,,,,,128.48,,,,,,,,,134.27,,,,,,,,139.96,,,,,,138.98,,,,,,,144.57,,,,,,,,150.71,,,,,,,,155.73,,,,,,,,157.46,,,,,,,,160.51,,,,,,,,,165.91,,,,,,,,,169.46,,,,,
APPF,,,,,,,,,,,,,,72.5,,,,,,,,,81.04,,,,,,,,84.09,,,,,,,,,72.43,,,,,,,,,78.92,,,,,,,,89.04,,,,,,,,95.81,,,,,,,,95.6,,,,,,,,105.3,,,,,,,,117.45,,,,,,,,,125.08,,,,,,,,124.06,,,,,,136.1,,,,,,,147.08,,,,,,,,165.44,,,,,,,,171.83,,,,,,,,187.43,,,,,,,,197.38,,,,,,,,,205.73,,,,,,,,,203.66,,,,,
DOCS,,,,,,,,,,,,,,36.35,,,,,,,,,36.39,,,,,,,,45.11,,,,,,,,,58.71,,,,,,,,,66.69,,,,,,,,72.67,,,,,,,,79.35,,,,,,,,97.88,,,,,,,,93.65,,,,,,,,90.64,,,,,,,,,102.19,,,,,,,,115.26,,,,,,110.97,,,,,,,108.47,,,,,,,,113.61,,,,,,,,135.28,,,,,,,,118.06,,,,,,,,126.68,,,,,,,,,136.83,,,,,,,,,168.6,,,,,
AUDC,,,,,,,,,,,,,,52.02,,,,,,,,,53.52,,,,,,,,56.56,,,,,,,,,58.67,,,,,,,,,58.84,,,,,,,,60.58,,,,,,,,63.41,,,,,,,,66.1,,,,,,,,66.36,,,,,,,,68.36,,,,,,,,,69.72,,,,,,,,70.66,,,,,,59.21,,,,,,,60.02,,,,,,,,61.59,,,,,,,,63.56,,,,,,,,60.08,,,,,,,,60.3,,,,,,,,,60.24,,,,,,,,,61.55,,,,,
EVER,,,,,,,,,,,,,,81.36,,,,,,,,,78.3,,,,,,,,89.98,,,,,,,,,97.29,,,,,,,,,103.82,,,,,,,,105.06,,,,,,,,107.56,,,,,,,,102.07,,,,,,,,110.68,,,,,,,,101.92,,,,,,,,,103.22,,,,,,,,88.31,,,,,,109.22,,,,,,,67.99,,,,,,,,55.01,,,,,,,,55.71,,,,,,,,91.07,,,,,,,,117.14,,,,,,,,,144.53,,,,,,,,,147.46,,,,,
DOX,,,,,,,,,,,,,,1048.0,,,,,,,,,1026.0,,,,,,,,1053.0,,,,,,,,,1086.0,,,,,,,,,1049.0,,,,,,,,1066.0,,,,,,,,1087.0,,,,,,,,1105.0,,,,,,,,1145.0,,,,,,,,1160.0,,,,,,,,,1167.0,,,,,,,,1186.0,,,,,,1223.0,,,,,,,1236.0,,,,,,,,1243.0,,,,,,,,1245.0,,,,,,,,1246.0,,,,,,,,1250.0,,,,,,,,,1264.0,,,,,,,,,1110.0,,,,,
ASX,,,,,,,,,,,,,,97357.0,,,,,,,,,107549.0,,,,,,,,123195.0,,,,,,,,,148877.0,,,,,,,,,119470.0,,,,,,,,126926.0,,,,,,,,150665.0,,,,,,,,172936.0,,,,,,,,144391.0,,,,,,,,160439.0,,,,,,,,,188626.0,,,,,,,,177417.0,,,,,,130891.0,,,,,,,136275.0,,,,,,,,154167.0,,,,,,,,160581.0,,,,,,,,132803.0,,,,,,,,140238.0,,,,,,,,,160105.0,,,,,,,,,162264.0,,,,,
PAYO,,,,,,,,,,,,,,81.96,,,,,,,,,78.39,,,,,,,,90.54,,,,,,,,,94.71,,,,,,,,,100.61,,,,,,,,110.93,,,,,,,,122.65,,,,,,,,139.22,,,,,,,,136.96,,,,,,,,148.19,,,,,,,,,158.92,,,,,,,,183.56,,,,,,192.01,,,,,,,206.73,,,,,,,,208.04,,,,,,,,224.32,,,,,,,,228.18,,,,,,,,239.52,,,,,,,,,248.27,,,,,,,,,261.74,,,,,
UBER,,,,,,,,,,,,,,3248.0,,,,,,,,,1913.0,,,,,,,,2813.0,,,,,,,,,3165.0,,,,,,,,,2903.0,,,,,,,,3929.0,,,,,,,,4845.0,,,,,,,,5778.0,,,,,,,,6854.0,,,,,,,,8073.0,,,,,,,,,8343.0,,,,,,,,8607.0,,,,,,8823.0,,,,,,,9230.0,,,,,,,,9292.0,,,,,,,,9936.0,,,,,,,,10131.0,,,,,,,,10700.0,,,,,,,,,11188.0,,,,,,,,,11959.0,,,,,
TRUE,,,,,,,,,,,,,,78.92,,,,,,,,,58.55,,,,,,,,77.25,,,,,,,,,63.96,,,,,,,,,65.11,,,,,,,,65.77,,,,,,,,54.97,,,,,,,,45.86,,,,,,,,43.53,,,,,,,,42.28,,,,,,,,,39.05,,,,,,,,36.66,,,,,,36.98,,,,,,,39.29,,,,,,,,41.15,,,,,,,,41.29,,,,,,,,41.05,,,,,,,,41.8,,,,,,,,,46.54,,,,,,,,,46.21,,,,,
NU,,,,,,,,,,,,,,121.1,,,,,,,,,117.99,,,,,,,,99.16,,,,,,,,,115.47,,,,,,,,,142.03,,,,,,,,196.18,,,,,,,,252.51,,,,,,,,259.32,,,,,,,,328.54,,,,,,,,411.57,,,,,,,,,471.5,,,,,,,,627.8,,,,,,703.66,,,,,,,824.78,,,,,,,,971.6,,,,,,,,1207.0,,,,,,,,1244.0,,,,,,,,1424.0,,,,,,,,,1408.0,,,,,,,,,1437.0,,,,,
ZI,,,,,,,,,,,,,,102.2,,,,,,,,,110.9,,,,,,,,123.4,,,,,,,,,139.7,,,,,,,,,153.3,,,,,,,,174.0,,,,,,,,197.6,,,,,,,,222.3,,,,,,,,241.7,,,,,,,,267.1,,,,,,,,,287.6,,,,,,,,301.6,,,,,,300.7,,,,,,,308.6,,,,,,,,313.8,,,,,,,,316.4,,,,,,,,310.1,,,,,,,,291.5,,,,,,,,,303.6,,,,,,,,,309.1,,,,,
TWST,,,,,,,,,,,,,,19.3,,,,,,,,,21.21,,,,,,,,32.43,,,,,,,,,28.16,,,,,,,,,31.2,,,,,,,,35.02,,,,,,,,37.95,,,,,,,,42.02,,,,,,,,48.13,,,,,,,,56.11,,,,,,,,,57.31,,,,,,,,54.24,,,,,,60.18,,,,,,,63.74,,,,,,,,66.95,,,,,,,,71.5,,,,,,,,75.3,,,,,,,,81.46,,,,,,,,,84.71,,,,,,,,,88.71,,,,,
SHOP,,,,,,,,,,,,,,470.0,,,,,,,,,714.34,,,,,,,,767.41,,,,,,,,,977.74,,,,,,,,,988.65,,,,,,,,1119.0,,,,,,,,1124.0,,,,,,,,1380.0,,,,,,,,1204.0,,,,,,,,1295.0,,,,,,,,,1366.0,,,,,,,,1735.0,,,,,,1508.0,,,,,,,1694.0,,,,,,,,1714.0,,,,,,,,2144.0,,,,,,,,1861.0,,,,,,,,2045.0,,,,,,,,,2162.0,,,,,,,,,2812.0,,,,,
KD,,,,,,,,,,,,,,4785.0,,,,,,,,,4737.0,,,,,,,,4856.0,,,,,,,,,4927.0,,,,,,,,,4771.0,,,,,,,,4751.0,,,,,,,,4579.0,,,,,,,,4556.0,,,,,,,,4431.0,,,,,,,,4288.0,,,,,,,,,4179.0,,,,,,,,4303.0,,,,,,4255.0,,,,,,,4193.0,,,,,,,,4073.0,,,,,,,,3936.0,,,,,,,,3850.0,,,,,,,,3739.0,,,,,,,,,3774.0,,,,,,,,,3744.0,,,,,
CMPR,,,,,,,,,,,,,,597.96,,,,,,,,,429.11,,,,,,,,586.5,,,,,,,,,780.9,,,,,,,,,573.36,,,,,,,,635.2,,,,,,,,657.6,,,,,,,,849.72,,,,,,,,657.41,,,,,,,,722.83,,,,,,,,,703.42,,,,,,,,845.2,,,,,,742.16,,,,,,,788.85,,,,,,,,757.29,,,,,,,,921.36,,,,,,,,780.59,,,,,,,,832.61,,,,,,,,,804.97,,,,,,,,,939.16,,,,,
TEAM,,,,,,,,,,,,,,411.58,,,,,,,,,430.48,,,,,,,,459.51,,,,,,,,,501.36,,,,,,,,,568.73,,,,,,,,559.54,,,,,,,,614.02,,,,,,,,688.53,,,,,,,,740.49,,,,,,,,759.84,,,,,,,,,807.39,,,,,,,,872.7,,,,,,915.45,,,,,,,939.1,,,,,,,,977.78,,,,,,,,1060.0,,,,,,,,1189.0,,,,,,,,1132.0,,,,,,,,,1188.0,,,,,,,,,1286.0,,,,,
ABNB,,,,,,,,,,,,,,841.83,,,,,,,,,334.77,,,,,,,,1342.0,,,,,,,,,859.26,,,,,,,,,886.94,,,,,,,,1335.0,,,,,,,,2237.0,,,,,,,,1532.0,,,,,,,,1509.0,,,,,,,,2104.0,,,,,,,,,2884.0,,,,,,,,1902.0,,,,,,1818.0,,,,,,,2484.0,,,,,,,,3397.0,,,,,,,,2218.0,,,,,,,,2142.0,,,,,,,,2748.0,,,,,,,,,3732.0,,,,,,,,,2480.0,,,,,
ERIC,,,,,,,,,,,,,,49750.0,,,,,,,,,55578.0,,,,,,,,57472.0,,,,,,,,,69590.0,,,,,,,,,49778.0,,,,,,,,54941.0,,,,,,,,56263.0,,,,,,,,71332.0,,,,,,,,55061.0,,,,,,,,62465.0,,,,,,,,,68040.0,,,,,,,,85980.0,,,,,,62553.0,,,,,,,64444.0,,,,,,,,64473.0,,,,,,,,71881.0,,,,,,,,53325.0,,,,,,,,59848.0,,,,,,,,,61794.0,,,,,,,,,72913.0,,,,,
EVGO,,,,,,,,,,,,,,3.85,,,,,,,,,2.96,,,,,,,,3.57,,,,,,,,,4.19,,,,,,,,,4.13,,,,,,,,4.78,,,,,,,,6.18,,,,,,,,7.12,,,,,,,,7.7,,,,,,,,9.08,,,,,,,,,10.51,,,,,,,,27.3,,,,,,25.3,,,,,,,50.55,,,,,,,,35.11,,,,,,,,49.99,,,,,,,,55.16,,,,,,,,66.62,,,,,,,,,67.54,,,,,,,,,67.51,,,,,
TASK,,,,,,,,,,,,,,102.43,,,,,,,,,114.4,,,,,,,,122.43,,,,,,,,,138.79,,,,,,,,,152.87,,,,,,,,180.02,,,,,,,,201.05,,,,,,,,226.76,,,,,,,,239.68,,,,,,,,246.46,,,,,,,,,232.13,,,,,,,,242.22,,,,,,235.31,,,,,,,229.17,,,,,,,,225.63,,,,,,,,234.26,,,,,,,,227.47,,,,,,,,237.93,,,,,,,,,255.35,,,,,,,,,274.24,,,,,
DMRC,,,,,,,,,,,,,,6.19,,,,,,,,,6.5,,,,,,,,5.75,,,,,,,,,5.55,,,,,,,,,6.7,,,,,,,,6.28,,,,,,,,6.42,,,,,,,,7.13,,,,,,,,7.41,,,,,,,,7.75,,,,,,,,,7.82,,,,,,,,7.22,,,,,,7.84,,,,,,,8.73,,,,,,,,8.99,,,,,,,,9.28,,,,,,,,9.94,,,,,,,,10.38,,,,,,,,,9.44,,,,,,,,,8.66,,,,,
REAL,,,,,,,,,,,,,,78.03,,,,,,,,,57.29,,,,,,,,77.8,,,,,,,,,86.83,,,,,,,,,98.82,,,,,,,,104.91,,,,,,,,118.84,,,,,,,,145.13,,,,,,,,146.7,,,,,,,,154.44,,,,,,,,,142.7,,,,,,,,159.66,,,,,,141.9,,,,,,,130.86,,,,,,,,133.17,,,,,,,,143.37,,,,,,,,143.8,,,,,,,,144.93,,,,,,,,,147.76,,,,,,,,,164.0,,,,,
DOCN,,,,,,,,,,,,,,72.79,,,,,,,,,76.91,,,,,,,,81.16,,,,,,,,,87.52,,,,,,,,,93.66,,,,,,,,103.81,,,,,,,,111.43,,,,,,,,119.66,,,,,,,,127.33,,,,,,,,133.88,,,,,,,,,152.12,,,,,,,,163.0,,,,,,165.13,,,,,,,169.81,,,,,,,,177.06,,,,,,,,180.87,,,,,,,,184.73,,,,,,,,192.48,,,,,,,,,198.48,,,,,,,,,204.93,,,,,
BLKB,,,,,,,,,,,,,,223.62,,,,,,,,,231.99,,,,,,,,215.0,,,,,,,,,242.61,,,,,,,,,219.19,,,,,,,,229.44,,,,,,,,231.22,,,,,,,,247.89,,,,,,,,257.12,,,,,,,,264.93,,,,,,,,,261.3,,,,,,,,274.76,,,,,,261.75,,,,,,,271.04,,,,,,,,277.63,,,,,,,,295.01,,,,,,,,279.25,,,,,,,,287.29,,,,,,,,,286.73,,,,,,,,,302.23,,,,,
DKNG,,,,,,,,,,,,,,88.54,,,,,,,,,70.93,,,,,,,,132.84,,,,,,,,,322.22,,,,,,,,,312.28,,,,,,,,297.61,,,,,,,,212.82,,,,,,,,473.33,,,,,,,,417.21,,,,,,,,466.19,,,,,,,,,501.94,,,,,,,,855.13,,,,,,769.65,,,,,,,874.93,,,,,,,,789.96,,,,,,,,1231.0,,,,,,,,1175.0,,,,,,,,1104.0,,,,,,,,,1095.0,,,,,,,,,1393.0,,,,,
CFLT,,,,,,,,,,,,,,50.9,,,,,,,,,53.85,,,,,,,,61.5,,,,,,,,,70.32,,,,,,,,,77.03,,,,,,,,88.34,,,,,,,,102.57,,,,,,,,119.93,,,,,,,,126.14,,,,,,,,139.41,,,,,,,,,151.73,,,,,,,,168.67,,,,,,174.3,,,,,,,189.29,,,,,,,,200.18,,,,,,,,213.18,,,,,,,,217.24,,,,,,,,234.99,,,,,,,,,250.2,,,,,,,,,261.22,,,,,
GH,,,,,,,,,,,,,,67.51,,,,,,,,,66.34,,,,,,,,74.57,,,,,,,,,78.32,,,,,,,,,78.67,,,,,,,,92.1,,,,,,,,94.78,,,,,,,,108.11,,,,,,,,96.1,,,,,,,,109.14,,,,,,,,,117.4,,,,,,,,126.89,,,,,,128.71,,,,,,,137.15,,,,,,,,143.03,,,,,,,,155.05,,,,,,,,168.49,,,,,,,,177.24,,,,,,,,,191.48,,,,,,,,,201.81,,,,,
PAGS,,,,,,,,,,,,,,1529.0,,,,,,,,,1316.0,,,,,,,,1757.0,,,,,,,,,2085.0,,,,,,,,,2042.0,,,,,,,,2335.0,,,,,,,,2730.0,,,,,,,,3193.0,,,,,,,,3385.0,,,,,,,,3866.0,,,,,,,,,3989.0,,,,,,,,3919.0,,,,,,3685.0,,,,,,,3761.0,,,,,,,,3961.0,,,,,,,,4274.0,,,,,,,,4201.0,,,,,,,,4425.0,,,,,,,,,4705.0,,,,,,,,,5003.0,,,,,
CTV,,,,,,,,,,,,,,13.74,,,,,,,,,13.44,,,,,,,,18.59,,,,,,,,,23.03,,,,,,,,,18.01,,,,,,,,22.84,,,,,,,,23.47,,,,,,,,25.97,,,,,,,,25.86,,,,,,,,33.09,,,,,,,,,34.47,,,,,,,,33.7,,,,,,30.49,,,,,,,34.55,,,,,,,,36.23,,,,,,,,38.62,,,,,,,,36.74,,,,,,,,37.95,,,,,,,,,38.25,,,,,,,,,,,,,,
TDOC,,,,,,,,,,,,,,180.8,,,,,,,,,241.03,,,,,,,,288.81,,,,,,,,,383.32,,,,,,,,,453.68,,,,,,,,503.14,,,,,,,,521.66,,,,,,,,554.24,,,,,,,,565.35,,,,,,,,592.38,,,,,,,,,611.4,,,,,,,,637.71,,,,,,629.24,,,,,,,652.41,,,,,,,,660.24,,,,,,,,660.53,,,,,,,,646.13,,,,,,,,642.44,,,,,,,,,640.51,,,,,,,,,640.49,,,,,
RNG,,,,,,,,,,,,,,267.51,,,,,,,,,277.99,,,,,,,,303.62,,,,,,,,,334.54,,,,,,,,,352.36,,,,,,,,379.27,,,,,,,,414.63,,,,,,,,448.5,,,,,,,,467.66,,,,,,,,486.9,,,,,,,,,509.03,,,,,,,,524.75,,,,,,533.69,,,,,,,539.31,,,,,,,,558.16,,,,,,,,571.27,,,,,,,,584.21,,,,,,,,592.91,,,,,,,,,608.77,,,,,,,,,614.51,,,,,
NICE,,,,,,,,,,,,,,410.43,,,,,,,,,393.18,,,,,,,,409.83,,,,,,,,,434.58,,,,,,,,,455.02,,,,,,,,456.03,,,,,,,,490.4,,,,,,,,519.69,,,,,,,,527.43,,,,,,,,530.58,,,,,,,,,554.72,,,,,,,,568.56,,,,,,571.86,,,,,,,581.11,,,,,,,,601.34,,,,,,,,623.19,,,,,,,,659.31,,,,,,,,664.4,,,,,,,,,689.96,,,,,,,,,721.6,,,,,
CVNA,,,,,,,,,,,,,,1098.0,,,,,,,,,1118.0,,,,,,,,1544.0,,,,,,,,,1827.0,,,,,,,,,2245.0,,,,,,,,3336.0,,,,,,,,3480.0,,,,,,,,3753.0,,,,,,,,3497.0,,,,,,,,3884.0,,,,,,,,,3386.0,,,,,,,,2837.0,,,,,,2606.0,,,,,,,2968.0,,,,,,,,2773.0,,,,,,,,2424.0,,,,,,,,3061.0,,,,,,,,3410.0,,,,,,,,,3655.0,,,,,,,,,3547.0,,,,,
COIN,,,,,,,,,,,,,,188.94,,,,,,,,,186.03,,,,,,,,315.07,,,,,,,,,584.82,,,,,,,,,1801.0,,,,,,,,2228.0,,,,,,,,1311.0,,,,,,,,2498.0,,,,,,,,1165.0,,,,,,,,802.65,,,,,,,,,576.38,,,,,,,,605.57,,,,,,736.4,,,,,,,662.5,,,,,,,,623.0,,,,,,,,904.64,,,,,,,,1588.0,,,,,,,,1380.0,,,,,,,,,1129.0,,,,,,,,,2197.0,,,,,
EDIT,,,,,,,,,,,,,,5.72,,,,,,,,,10.75,,,,,,,,62.84,,,,,,,,,11.42,,,,,,,,,6.5,,,,,,,,0.38,,,,,,,,6.2,,,,,,,,12.47,,,,,,,,6.77,,,,,,,,6.36,,,,,,,,,0.04,,,,,,,,6.54,,,,,,9.85,,,,,,,2.89,,,,,,,,5.34,,,,,,,,60.05,,,,,,,,1.14,,,,,,,,0.51,,,,,,,,,0.06,,,,,,,,,30.6,,,,,
KLTR,,,,,,,,,,,,,,25.91,,,,,,,,,28.75,,,,,,,,30.61,,,,,,,,,35.18,,,,,,,,,37.71,,,,,,,,41.6,,,,,,,,42.98,,,,,,,,42.72,,,,,,,,41.72,,,,,,,,41.98,,,,,,,,,41.05,,,,,,,,44.07,,,,,,43.27,,,,,,,43.88,,,,,,,,43.54,,,,,,,,44.48,,,,,,,,44.78,,,,,,,,44.03,,,,,,,,,44.3,,,,,,,,,45.61,,,,,
VMEO,,,,,,,,,,,,,,56.97,,,,,,,,,67.33,,,,,,,,75.13,,,,,,,,,83.79,,,,,,,,,89.42,,,,,,,,96.05,,,,,,,,100.09,,,,,,,,106.12,,,,,,,,108.35,,,,,,,,110.98,,,,,,,,,108.13,,,,,,,,105.56,,,,,,103.58,,,,,,,101.84,,,,,,,,106.25,,,,,,,,105.54,,,,,,,,104.91,,,,,,,,104.38,,,,,,,,,104.56,,,,,,,,,103.16,,,,,
JD,,,,,,,,,,,,,,146205.0,,,,,,,,,201054.0,,,,,,,,174214.0,,,,,,,,,224328.0,,,,,,,,,203176.0,,,,,,,,253800.0,,,,,,,,218708.0,,,,,,,,275907.0,,,,,,,,239655.0,,,,,,,,267600.0,,,,,,,,,243535.0,,,,,,,,295446.0,,,,,,242956.0,,,,,,,287931.0,,,,,,,,247698.0,,,,,,,,306077.0,,,,,,,,260049.0,,,,,,,,291397.0,,,,,,,,,260387.0,,,,,,,,,346986.0,,,,,
DASH,,,,,,,,,,,,,,362.0,,,,,,,,,675.0,,,,,,,,879.0,,,,,,,,,970.0,,,,,,,,,1077.0,,,,,,,,1236.0,,,,,,,,1275.0,,,,,,,,1300.0,,,,,,,,1456.0,,,,,,,,1608.0,,,,,,,,,1701.0,,,,,,,,1818.0,,,,,,2035.0,,,,,,,2133.0,,,,,,,,2164.0,,,,,,,,2303.0,,,,,,,,2513.0,,,,,,,,2630.0,,,,,,,,,2706.0,,,,,,,,,2873.0,,,,,
CDXS,,,,,,,,,,,,,,14.67,,,,,,,,,14.97,,,,,,,,18.39,,,,,,,,,21.03,,,,,,,,,18.03,,,,,,,,25.45,,,,,,,,36.77,,,,,,,,24.5,,,,,,,,35.34,,,,,,,,38.41,,,,,,,,,34.47,,,,,,,,30.38,,,,,,12.98,,,,,,,21.32,,,,,,,,9.28,,,,,,,,26.56,,,,,,,,17.07,,,,,,,,7.98,,,,,,,,,12.83,,,,,,,,,21.46,,,,,
NTRA,,,,,,,,,,,,,,94.01,,,,,,,,,86.47,,,,,,,,98.14,,,,,,,,,112.38,,,,,,,,,152.32,,,,,,,,142.03,,,,,,,,158.12,,,,,,,,173.03,,,,,,,,194.13,,,,,,,,198.2,,,,,,,,,210.64,,,,,,,,217.25,,,,,,241.76,,,,,,,261.4,,,,,,,,268.31,,,,,,,,311.11,,,,,,,,367.74,,,,,,,,413.35,,,,,,,,,439.76,,,,,,,,,476.06,,,,,
OTLY,,,,,,,,,,,,,,84.24,,,,,,,,,95.31,,,,,,,,114.68,,,,,,,,,127.12,,,,,,,,,140.05,,,,,,,,146.15,,,,,,,,171.06,,,,,,,,185.93,,,,,,,,166.19,,,,,,,,177.96,,,,,,,,,183.03,,,,,,,,195.07,,,,,,195.65,,,,,,,195.99,,,,,,,,187.6,,,,,,,,204.12,,,,,,,,199.16,,,,,,,,202.2,,,,,,,,,208.0,,,,,,,,,214.32,,,,,
ROOT,,,,,,,,,,,,,,124.0,,,,,,,,,121.4,,,,,,,,50.5,,,,,,,,,50.9,,,,,,,,,68.6,,,,,,,,89.8,,,,,,,,93.8,,,,,,,,93.2,,,,,,,,85.4,,,,,,,,80.4,,,,,,,,,73.7,,,,,,,,71.3,,,,,,70.1,,,,,,,74.8,,,,,,,,115.3,,,,,,,,194.8,,,,,,,,254.9,,,,,,,,289.2,,,,,,,,,305.7,,,,,,,,,326.7,,,,,
VRNS,,,,,,,,,,,,,,54.18,,,,,,,,,66.57,,,,,,,,76.75,,,,,,,,,95.2,,,,,,,,,74.79,,,,,,,,88.42,,,,,,,,100.35,,,,,,,,126.58,,,,,,,,96.26,,,,,,,,111.45,,,,,,,,,123.31,,,,,,,,142.62,,,,,,107.34,,,,,,,115.42,,,,,,,,122.31,,,,,,,,154.1,,,,,,,,114.02,,,,,,,,130.35,,,,,,,,,148.07,,,,,,,,,158.51,,,,,
BMRN,,,,,,,,,,,,,,502.07,,,,,,,,,429.49,,,,,,,,476.78,,,,,,,,,452.12,,,,,,,,,486.03,,,,,,,,501.69,,,,,,,,408.74,,,,,,,,449.81,,,,,,,,519.36,,,,,,,,533.8,,,,,,,,,505.34,,,,,,,,537.54,,,,,,596.42,,,,,,,595.28,,,,,,,,581.33,,,,,,,,646.21,,,,,,,,648.83,,,,,,,,712.03,,,,,,,,,745.74,,,,,,,,,747.31,,,,,
TBLA,,,,,,,,,,,,,,279.35,,,,,,,,,267.67,,,,,,,,290.59,,,,,,,,,351.29,,,,,,,,,302.95,,,,,,,,329.07,,,,,,,,338.77,,,,,,,,407.67,,,,,,,,354.73,,,,,,,,342.7,,,,,,,,,332.46,,,,,,,,371.27,,,,,,327.69,,,,,,,332.0,,,,,,,,360.22,,,,,,,,419.77,,,,,,,,414.01,,,,,,,,428.16,,,,,,,,,433.01,,,,,,,,,491.04,,,,,
GDRX,,,,,,,,,,,,,,133.41,,,,,,,,,123.3,,,,,,,,140.45,,,,,,,,,153.54,,,,,,,,,160.43,,,,,,,,176.64,,,,,,,,195.1,,,,,,,,213.26,,,,,,,,203.33,,,,,,,,191.8,,,,,,,,,187.32,,,,,,,,184.11,,,,,,183.99,,,,,,,189.68,,,,,,,,179.96,,,,,,,,196.64,,,,,,,,197.88,,,,,,,,200.61,,,,,,,,,195.25,,,,,,,,,198.58,,,,,
GOCO,,,,,,,,,,,,,,141.01,,,,,,,,,127.06,,,,,,,,163.36,,,,,,,,,445.92,,,,,,,,,204.18,,,,,,,,196.9,,,,,,,,211.73,,,,,,,,449.6,,,,,,,,270.59,,,,,,,,158.65,,,,,,,,,133.05,,,,,,,,69.38,,,,,,183.16,,,,,,,142.78,,,,,,,,132.04,,,,,,,,276.7,,,,,,,,185.6,,,,,,,,105.87,,,,,,,,,118.29,,,,,,,,,389.13,,,,,
WRBY,,,,,,,,,,,,,,88.4,,,,,,,,,88.4,,,,,,,,104.09,,,,,,,,,112.84,,,,,,,,,138.97,,,,,,,,131.56,,,,,,,,137.37,,,,,,,,132.89,,,,,,,,153.22,,,,,,,,149.62,,,,,,,,,148.78,,,,,,,,146.49,,,,,,171.97,,,,,,,166.09,,,,,,,,169.85,,,,,,,,161.86,,,,,,,,200.0,,,,,,,,188.22,,,,,,,,,192.45,,,,,,,,,190.64,,,,,
TXG,,,,,,,,,,,,,,71.91,,,,,,,,,42.91,,,,,,,,71.82,,,,,,,,,112.22,,,,,,,,,105.82,,,,,,,,115.84,,,,,,,,125.3,,,,,,,,143.53,,,,,,,,114.5,,,,,,,,114.61,,,,,,,,,131.07,,,,,,,,156.23,,,,,,134.29,,,,,,,146.82,,,,,,,,153.64,,,,,,,,183.98,,,,,,,,141.01,,,,,,,,153.1,,,,,,,,,151.65,,,,,,,,,165.02,,,,,
BIRD,,,,,,,,,,,,,,46.39,,,,,,,,,46.39,,,,,,,,47.24,,,,,,,,,79.28,,,,,,,,,49.64,,,,,,,,67.91,,,,,,,,62.71,,,,,,,,97.22,,,,,,,,62.76,,,,,,,,78.17,,,,,,,,,72.65,,,,,,,,84.18,,,,,,54.35,,,,,,,70.48,,,,,,,,57.24,,,,,,,,71.99,,,,,,,,39.33,,,,,,,,51.58,,,,,,,,,43.0,,,,,,,,,55.85,,,,,
WDC,,,,,,,,,,,,,,,4175.0,,,,,,,,,4287.0,,,,,,,,3922.0,,,,,,,,,3943.0,,,,,,,,,4137.0,,,,,,,,4920.0,,,,,,,,5051.0,,,,,,,4833.0,,,,,,,,,4381.0,,,,,,,,4528.0,,,,,,,,3736.0,,,,,,,3107.0,,,,,,,2803.0,,,,,,,2672.0,,,,,,,2750.0,,,,,,,3032.0,,,,,,,,3457.0,,,,,,,,3764.0,,,,,,,,4095.0,,,,,,,,,4285.0,,,,,,,,
MDT,,,,,,,,,,,,,,,,5997.0,,,,,,,,,,6507.0,,,,,,,,,7647.0,,,,,,,,,7775.0,,,,,,,,8188.0,,,,,,,,7987.0,,,,,,,,7847.0,,,,,,,7763.0,,,,,,,,,8089.0,,,,,,,,7371.0,,,,,,,,7585.0,,,,,,,7727.0,,,,,,,8545.0,,,,,,,7702.0,,,,,,,7984.0,,,,,,,,8089.0,,,,,,,,8589.0,,,,,,,,7915.0,,,,,,,,,8403.0,,,,,,,,,8292.0,,,,
NTAP,,,,,,,,,,,,,,,,1401.0,,,,,,,,,,1303.0,,,,,,,,,1416.0,,,,,,,,,1470.0,,,,,,,,1555.0,,,,,,,,1458.0,,,,,,,,1566.0,,,,,,,1614.0,,,,,,,,,1680.0,,,,,,,,1592.0,,,,,,,,1663.0,,,,,,,1526.0,,,,,,,1581.0,,,,,,,1432.0,,,,,,,1562.0,,,,,,,,1606.0,,,,,,,,1668.0,,,,,,,,1541.0,,,,,,,,,1658.0,,,,,,,,,1641.0,,,,
CSCO,,,,,,,,,,,,,,,,,11983.0,,,,,,,,12154.0,,,,,,,,,11929.0,,,,,,,,,11960.0,,,,,,,,,,12803.0,,,,,,,,13126.0,,,,,,,,12900.0,,,,,,,12720.0,,,,,,,,,12835.0,,,,,,,,13102.0,,,,,,,,13632.0,,,,,,,13592.0,,,,,,,14571.0,,,,,,,15203.0,,,,,,,14668.0,,,,,,,,12791.0,,,,,,,,12702.0,,,,,,,,13642.0,,,,,,,,,13841.0,,,,,,,,,13991.0,,,
ADSK,,,,,,,,,,,,,,,,,,885.7,,,,,,,,913.1,,,,,,,,,,952.4,,,,,,,,,,1039.0,,,,,,989.0,,,,,,,,,1060.0,,,,,,,,,1126.0,,,,,,,1211.0,,,,,,,,1170.0,,,,,,,,,1237.0,,,,,,,,1280.0,,,,,,,1318.0,,,,,,,1269.0,,,,,,,1345.0,,,,,,,1414.0,,,,,,,,1469.0,,,,,,,,1417.0,,,,,,,,1505.0,,,,,,,,,1570.0,,,,,,,,,1639.0,,
CRM,,,,,,,,,,,,,,,,,,4865.0,,,,,,,,5151.0,,,,,,,,,,5419.0,,,,,,,,,,5817.0,,,,,,5963.0,,,,,,,,,6340.0,,,,,,,,,6863.0,,,,,,,7326.0,,,,,,,,7411.0,,,,,,,,,7720.0,,,,,,,,7837.0,,,,,,,8384.0,,,,,,,8247.0,,,,,,,8603.0,,,,,,,8720.0,,,,,,,,9287.0,,,,,,,,9133.0,,,,,,,,9325.0,,,,,,,,,9444.0,,,,,,,,,9993.0,,
INTU,,,,,,,,,,,,,,,,,,3002.0,,,,,,,,1816.0,,,,,,,,,,1323.0,,,,,,,,,,1576.0,,,,,,4173.0,,,,,,,,,2561.0,,,,,,,,,2007.0,,,,,,,2673.0,,,,,,,,5632.0,,,,,,,,,2414.0,,,,,,,,2597.0,,,,,,,3041.0,,,,,,,6018.0,,,,,,,2712.0,,,,,,,2978.0,,,,,,,,3386.0,,,,,,,,6737.0,,,,,,,,3184.0,,,,,,,,,3283.0,,,,,,,,,3963.0,,
PATH,,,,,,,,,,,,,,,,,,113.1,,,,,,,,139.38,,,,,,,,,,147.29,,,,,,,,,,207.88,,,,,,186.22,,,,,,,,,195.52,,,,,,,,,220.82,,,,,,,289.7,,,,,,,,245.07,,,,,,,,,242.22,,,,,,,,262.74,,,,,,,308.55,,,,,,,289.59,,,,,,,287.31,,,,,,,325.92,,,,,,,,405.25,,,,,,,,335.11,,,,,,,,316.25,,,,,,,,,354.65,,,,,,,,,423.65,,
DOCU,,,,,,,,,,,,,,,,,,297.02,,,,,,,,342.21,,,,,,,,,,382.92,,,,,,,,,,430.9,,,,,,469.08,,,,,,,,,511.84,,,,,,,,,545.46,,,,,,,580.83,,,,,,,,588.69,,,,,,,,,622.18,,,,,,,,645.46,,,,,,,659.58,,,,,,,661.39,,,,,,,687.69,,,,,,,700.42,,,,,,,,712.39,,,,,,,,709.64,,,,,,,,736.03,,,,,,,,,754.82,,,,,,,,,776.25,,
S,,,,,,,,,,,,,,,,,,17.96,,,,,,,,20.67,,,,,,,,,,24.56,,,,,,,,,,29.87,,,,,,37.4,,,,,,,,,45.75,,,,,,,,,56.02,,,,,,,65.64,,,,,,,,78.26,,,,,,,,,102.51,,,,,,,,115.32,,,,,,,126.1,,,,,,,133.39,,,,,,,149.42,,,,,,,164.17,,,,,,,,174.18,,,,,,,,186.36,,,,,,,,198.94,,,,,,,,,210.65,,,,,,,,,225.52,,
ZS,,,,,,,,,,,,,,,,,,110.52,,,,,,,,125.89,,,,,,,,,,142.58,,,,,,,,,,157.04,,,,,,176.4,,,,,,,,,197.07,,,,,,,,,230.52,,,,,,,255.56,,,,,,,,286.81,,,,,,,,,318.06,,,,,,,,355.55,,,,,,,387.6,,,,,,,418.8,,,,,,,455.01,,,,,,,496.7,,,,,,,,525.0,,,,,,,,553.2,,,,,,,,592.87,,,,,,,,,627.96,,,,,,,,,647.9,,
RGTI,,,,,,,,,,,,,,,,,,1.21,,,,,,,,1.21,,,,,,,,,,1.7,,,,,,,,,,1.42,,,2.36,,,,,,,,1.54,,,,,,,,2.92,,,,,,,,2.12,,,,,,,,2.1,,,,,,,,2.13,,,,,,,,,2.8,,,,,,,,6.06,,,,,,2.2,,,,,,,3.33,,,,,,,,3.11,,,,,,,,3.38,,,,,,,,3.05,,,,,,,,3.09,,,,,,,,,2.38,,,,,,,,,2.27,,,,,
SNPS,,,,,,,,,,,,,,,,,,861.33,,,,,,,,964.13,,,,,,,,,,1025.0,,,,,,,,,,970.32,,,,,,1024.0,,,,,,,,,1057.0,,,,,,,,,1152.0,,,,,,,1270.0,,,,,,,,1279.0,,,,,,,,,1248.0,,,,,,,,1284.0,,,,,,,1233.0,,,,,,,1263.0,,,,,,,1354.0,,,,,,,1467.0,,,,,,,,1511.0,,,,,,,,1455.0,,,,,,,,1526.0,,,,,,,,,1636.0,,,,,,,,,1455.0,,
PD,,,,,,,,,,,,,,,,,,49.79,,,,,,,,50.71,,,,,,,,,,53.77,,,,,,,,,,59.28,,,,,,63.59,,,,,,,,,67.54,,,,,,,,,71.76,,,,,,,78.51,,,,,,,,85.37,,,,,,,,,90.25,,,,,,,,94.2,,,,,,,100.97,,,,,,,103.25,,,,,,,107.62,,,,,,,108.72,,,,,,,,111.12,,,,,,,,111.17,,,,,,,,115.94,,,,,,,,,118.95,,,,,,,,,121.45,,
NTNX,,,,,,,,,,,,,,,,,,318.27,,,,,,,,327.87,,,,,,,,,,312.75,,,,,,,,,,346.38,,,,,,344.51,,,,,,,,,390.72,,,,,,,,,378.52,,,,,,,413.08,,,,,,,,403.66,,,,,,,,,385.54,,,,,,,,433.61,,,,,,,486.5,,,,,,,448.58,,,,,,,494.21,,,,,,,511.05,,,,,,,,565.23,,,,,,,,524.58,,,,,,,,547.95,,,,,,,,,590.96,,,,,,,,,654.72,,
SFIX,,,,,,,,,,,,,,,,,,,371.73,,,,,,,,443.41,,,,,,,,,490.42,,,,,,,,,504.09,,,,,,,,535.59,,,,,,,,571.16,,,,,,,,581.24,,,,,,,516.72,,,,,,,,,492.94,,,,,,,,481.9,,,,,,,,443.74,,,,,,,400.62,,,,,,,383.42,,,,,,,364.74,,,,,,,364.79,,,,,,,,330.4,,,,,,,,322.73,,,,,,,,,,319.55,,,,,,,,,318.82,,,,,,,,,312.11,
ADI,,,,,,,,,,,,,,,,,,,1317.0,,,,,,,,1456.0,,,,,,,,,1526.0,,,,,,,,,1558.0,,,,,,,,1661.0,,,,,,,,1759.0,,,,,,,,2340.0,,,,,,,2684.0,,,,,,,,,2972.0,,,,,,,,3110.0,,,,,,,,3248.0,,,,,,,3250.0,,,,,,,3263.0,,,,,,,3076.0,,,,,,,2716.0,,,,,,,,,,2513.0,,,,,,,,2159.0,,,,,,,,2312.0,,,,,,,,,2443.0,,,,,,,,,2423.0,
PSTG,,,,,,,,,,,,,,,,,,,,367.12,,,,,,,,403.72,,,,,,,,,410.62,,,,,,,,,502.72,,,,,,,,412.71,,,,,,,,496.83,,,,,,,,562.74,,,,,,,,708.57,,,,,,,,620.41,,,,,,,,,646.77,,,,,,,,676.05,,,,,,,810.21,,,,,,,589.31,,,,,,,688.67,,,,,,,762.84,,,,,,,,,789.81,,,,,,,,693.48,,,,,,,,763.77,,,,,,,,,831.07,,,,,,,,,879.84
ME,,,,,,,,,,,,,,,,,,,,,,,48.06,,,,,,,,51.8,,,,,,,,,55.48,,,,,,,,,88.58,,,,,,,,59.24,,,,,,,,55.2,,,,,,,,56.89,,,,,,,,100.56,,,,,,,,64.51,,,,,,,,,75.66,,,,,,,,66.94,,,,,,92.38,,,,,,,60.86,,,,,,,,50.0,,,,,,,,44.75,,,,,,,,64.03,,,,,,,,40.41,,,,,,,,,44.07,,,,,,,,,60.26,,,,,
WBX,,,,,,,,,,,,,,,,,,,,,,,5.96,,,,,,,,,,,,,,,,,13.72,,,,,,,,,,,,,,,,,27.32,,,,,,,,,,,,,,,,44.26,,,,,,,,,,,,,,,,67.81,,,,,,,,,,,,,,,,,76.37,,,,,,,,,,,,,68.02,,,,,,,,,,,,,,,,75.75,,,,,,,,,,,,,,,,91.89,,,,,,,,,,,,,,,,,,72.05,,,,,
SMR,,,,,,,,,,,,,,,,,,,,,,,,,,,,,,,,,,,,,,,,0.28,,,,,,,,,0.66,,,,,,,,0.37,,,,,,,,0.3,,,,,,,,1.53,,,,,,,,2.45,,,,,,,,2.75,,,,,,,,,3.17,,,,,,,,3.44,,,,,,5.51,,,,,,,5.8,,,,,,,,6.95,,,,,,,,4.56,,,,,,,,1.38,,,,,,,,0.97,,,,,,,,,0.48,,,,,,,,,34.22,,,,,
SOUN,,,,,,,,,,,,,,,,,,,,,,,,,,,,,,,,,,,,,,,,4.21,,,,,,,,,3.74,,,,,,,,8.28,,,,,,,,4.03,,,,,,,,5.15,,,,,,,,4.29,,,,,,,,6.15,,,,,,,,,11.19,,,,,,,,9.5,,,,,,6.71,,,,,,,8.75,,,,,,,,13.27,,,,,,,,17.15,,,,,,,,11.59,,,,,,,,13.46,,,,,,,,,25.09,,,,,,,,,34.54,,,,,
MBLY,,,,,,,,,,,,,,,,,,,,,,,,,,,,,,,,,,,,,,,,,,,,,,,377.0,,,,,,,,327.0,,,,,,,,326.0,,,,,,,,356.0,,,,,,,,,,,,394.0,,,,,,,,460.0,,,,,,,,450.0,,,,,,,565.0,,,,,,,458.0,,,,,,,454.0,,,,,,,530.0,,,,,,,637.0,,,,,,,,239.0,,,,,,,,439.0,,,,,,,,486.0,,,,,,,,,490.0,,,,,,,
CART,,,,,,,,,,,,,,,,,,,,,,,,,,,,,,,,,,,,,,,,,,,,,,,,,442.0,,,,,,,,444.0,,,,,,,,475.0,,,,,,,,475.0,,,,,,,,505.0,,,,,,,,621.0,,,,,,,,,668.0,,,,,,,,757.0,,,,,,759.0,,,,,,,716.0,,,,,,,,764.0,,,,,,,,803.0,,,,,,,,820.0,,,,,,,,823.0,,,,,,,,,852.0,,,,,,,,,883.0,,,,,
ARM,,,,,,,,,,,,,,,,,,,,,,,,,,,,,,,,,,,,,,,,,,,,,,,,,,,,,,,,,,,,,,,,,,,,,,,,,,,,,,,,,,,,,,,,,692.0,,,,,,,,,630.0,,,,,,,,724.0,,,,,,633.0,,,,,,,675.0,,,,,,,,806.0,,,,,,,,824.0,,,,,,,,928.0,,,,,,,,939.0,,,,,,,,,844.0,,,,,,,,,983.0,,,,,
IBTA,,,,,,,,,,,,,,,,,,,,,,,,,,,,,,,,,,,,,,,,,,,,,,,,,,,,,,,,,,,,,,,,,,,,,,,,,,,,,,,,,,,,,,,,,,,,,,,,,,,,,,,,,,,,,,,,57.69,,,,,,,77.39,,,,,,,,85.29,,,,,,,,99.67,,,,,,,,82.33,,,,,,,,87.93,,,,,,,,,98.62,,,,,,,,,98.38,,,,,
TTGT,,,,,,,,,,,,,,,,,,,,,,,,,,,,,,,,,,,,,,,,,,,,,,,,,,,,,,,,,,,,,,,,,,,,,,,,,,,,,,,,,,,,,,,,,,,,,,,,,,,,,,,,,,,,,,,,56.08,,,,,,,60.83,,,,,,,,59.4,,,,,,,,,,,,,,,,59.29,,,,,,,,62.99,,,,,,,,,62.74,,,,,,,,,,,,,,
